file,angle,is_multibeam,contrast,d_um,R2,mse,d_est_from_fft_um,n_avg,R_eff,finesse_pi,finesse_airy
附件3.xlsx,10,True,0.9999999999987469,199.99682161377436,0.0010000000000000002,0.019571245250237783,7.6773230222230735,3.435146183322287,0.3014664121564399,2.46934656207398,2.4712935578060473
附件4.xlsx,15,True,0.999999999998907,199.97047785323196,0.0010000000000000002,0.02659611233535151,7.6773230222230735,3.435146183322287,0.30148005005498024,2.4694506288467495,2.471501859846994
附件1.xlsx,10,True,0.9999999999989516,199.9996601507772,0.0010000000000000002,0.03217448686814168,13.599442843252364,2.5516454474115373,0.19087935424895153,1.6963523639954303,1.1662519492737797
附件2.xlsx,15,True,0.9999999999990266,199.9746812920413,0.0010000000000000002,0.03827287918056271,13.599442843252364,2.5516454474115373,0.19094000007620737,1.6967489995498128,1.1667973914559433
